{
  "k=1": {
    "hit_rate": 0.0,
    "mrr": 0.0
  },
  "k=3": {
    "hit_rate": 0.7142857142857143,
    "mrr": 0.2857142857142857
  },
  "k=5": {
    "hit_rate": 0.7142857142857143,
    "mrr": 0.2857142857142857
  },
  "k=10": {
    "hit_rate": 1.0,
    "mrr": 0.3194444444444445
  }
}